"PPTYP","Pension Plan Type","DTYP","Definition Type","CTYP","Contract Type","VAR","Variable","IND","Indicator","COU","Country","YEA","Year","Unit Code","Unit","PowerCode Code","PowerCode","Reference Period Code","Reference Period","Value","Flag Codes","Flags"
"APLANS","Total, by pension plan type","ADEF","Total, by definition type","PF","Pension funds (autonomous)","3100","CONTRIBUTIONS","CGDP","Contributions as a share of GDP","AUS","Australia","2011","2011","PC","Percentage","0","Units",,,7.51,,
"APLANS","Total, by pension plan type","ADEF","Total, by definition type","PF","Pension funds (autonomous)","3100","CONTRIBUTIONS","CGDP","Contributions as a share of GDP","AUS","Australia","2012","2012","PC","Percentage","0","Units",,,7.903,,
"APLANS","Total, by pension plan type","ADEF","Total, by definition type","PF","Pension funds (autonomous)","3100","CONTRIBUTIONS","CGDP","Contributions as a share of GDP","AUS","Australia","2013","2013","PC","Percentage","0","Units",,,7.24,,
"APLANS","Total, by pension plan type","ADEF","Total, by definition type","PF","Pension funds (autonomous)","3100","CONTRIBUTIONS","CGDP","Contributions as a share of GDP","AUS","Australia","2014","2014","PC","Percentage","0","Units",,,7.547,,
"APLANS","Total, by pension plan type","ADEF","Total, by definition type","PF","Pension funds (autonomous)","3100","CONTRIBUTIONS","CGDP","Contributions as a share of GDP","AUS","Australia","2015","2015","PC","Percentage","0","Units",,,8.357,,
"APLANS","Total, by pension plan type","ADEF","Total, by definition type","PF","Pension funds (autonomous)","3100","CONTRIBUTIONS","CGDP","Contributions as a share of GDP","AUS","Australia","2016","2016","PC","Percentage","0","Units",,,8.14,,
"APLANS","Total, by pension plan type","ADEF","Total, by definition type","PF","Pension funds (autonomous)","3100","CONTRIBUTIONS","CGDP","Contributions as a share of GDP","AUS","Australia","2017","2017","PC","Percentage","0","Units",,,8.936,,
"APLANS","Total, by pension plan type","ADEF","Total, by definition type","PF","Pension funds (autonomous)","3100","CONTRIBUTIONS","CGDP","Contributions as a share of GDP","AUS","Australia","2018","2018","PC","Percentage","0","Units",,,6.693,,
"APLANS","Total, by pension plan type","ADEF","Total, by definition type","PF","Pension funds (autonomous)","3100","CONTRIBUTIONS","CGDP","Contributions as a share of GDP","AUS","Australia","2019","2019","PC","Percentage","0","Units",,,6.692,,
"APLANS","Total, by pension plan type","ADEF","Total, by definition type","PF","Pension funds (autonomous)","3100","CONTRIBUTIONS","CGDP","Contributions as a share of GDP","AUS","Australia","2020","2020","PC","Percentage","0","Units",,,6.909,,
"APLANS","Total, by pension plan type","ADEF","Total, by definition type","PF","Pension funds (autonomous)","3100","CONTRIBUTIONS","CGDP","Contributions as a share of GDP","AUS","Australia","2021","2021","PC","Percentage","0","Units",,,6.929,,
"APLANS","Total, by pension plan type","ADEF","Total, by definition type","PF","Pension funds (autonomous)","3100","CONTRIBUTIONS","CGDP","Contributions as a share of GDP","AUT","Austria","2013","2013","PC","Percentage","0","Units",,,0.461,,
"APLANS","Total, by pension plan type","ADEF","Total, by definition type","PF","Pension funds (autonomous)","3100","CONTRIBUTIONS","CGDP","Contributions as a share of GDP","AUT","Austria","2014","2014","PC","Percentage","0","Units",,,0.565,,
"APLANS","Total, by pension plan type","ADEF","Total, by definition type","PF","Pension funds (autonomous)","3100","CONTRIBUTIONS","CGDP","Contributions as a share of GDP","AUT","Austria","2015","2015","PC","Percentage","0","Units",,,0.343,,
"APLANS","Total, by pension plan type","ADEF","Total, by definition type","PF","Pension funds (autonomous)","3100","CONTRIBUTIONS","CGDP","Contributions as a share of GDP","AUT","Austria","2016","2016","PC","Percentage","0","Units",,,0.319,,
"APLANS","Total, by pension plan type","ADEF","Total, by definition type","PF","Pension funds (autonomous)","3100","CONTRIBUTIONS","CGDP","Contributions as a share of GDP","AUT","Austria","2017","2017","PC","Percentage","0","Units",,,0.31,,
"APLANS","Total, by pension plan type","ADEF","Total, by definition type","PF","Pension funds (autonomous)","3100","CONTRIBUTIONS","CGDP","Contributions as a share of GDP","AUT","Austria","2018","2018","PC","Percentage","0","Units",,,0.302,,
"APLANS","Total, by pension plan type","ADEF","Total, by definition type","PF","Pension funds (autonomous)","3100","CONTRIBUTIONS","CGDP","Contributions as a share of GDP","AUT","Austria","2019","2019","PC","Percentage","0","Units",,,0.318,,
"APLANS","Total, by pension plan type","ADEF","Total, by definition type","PF","Pension funds (autonomous)","3100","CONTRIBUTIONS","CGDP","Contributions as a share of GDP","AUT","Austria","2020","2020","PC","Percentage","0","Units",,,0.304,,
"APLANS","Total, by pension plan type","ADEF","Total, by definition type","PF","Pension funds (autonomous)","3100","CONTRIBUTIONS","CGDP","Contributions as a share of GDP","AUT","Austria","2021","2021","PC","Percentage","0","Units",,,0.343,,
"APLANS","Total, by pension plan type","ADEF","Total, by definition type","PF","Pension funds (autonomous)","3100","CONTRIBUTIONS","CGDP","Contributions as a share of GDP","BEL","Belgium","2011","2011","PC","Percentage","0","Units",,,0.379,,
"APLANS","Total, by pension plan type","ADEF","Total, by definition type","PF","Pension funds (autonomous)","3100","CONTRIBUTIONS","CGDP","Contributions as a share of GDP","BEL","Belgium","2012","2012","PC","Percentage","0","Units",,,0.341,,
"APLANS","Total, by pension plan type","ADEF","Total, by definition type","PF","Pension funds (autonomous)","3100","CONTRIBUTIONS","CGDP","Contributions as a share of GDP","BEL","Belgium","2013","2013","PC","Percentage","0","Units",,,0.314,,
"APLANS","Total, by pension plan type","ADEF","Total, by definition type","PF","Pension funds (autonomous)","3100","CONTRIBUTIONS","CGDP","Contributions as a share of GDP","BEL","Belgium","2014","2014","PC","Percentage","0","Units",,,0.29,,
"APLANS","Total, by pension plan type","ADEF","Total, by definition type","PF","Pension funds (autonomous)","3100","CONTRIBUTIONS","CGDP","Contributions as a share of GDP","BEL","Belgium","2015","2015","PC","Percentage","0","Units",,,0.268,,
"APLANS","Total, by pension plan type","ADEF","Total, by definition type","PF","Pension funds (autonomous)","3100","CONTRIBUTIONS","CGDP","Contributions as a share of GDP","BEL","Belgium","2016","2016","PC","Percentage","0","Units",,,0.332,,
"APLANS","Total, by pension plan type","ADEF","Total, by definition type","PF","Pension funds (autonomous)","3100","CONTRIBUTIONS","CGDP","Contributions as a share of GDP","BEL","Belgium","2017","2017","PC","Percentage","0","Units",,,0.383,,
"APLANS","Total, by pension plan type","ADEF","Total, by definition type","PF","Pension funds (autonomous)","3100","CONTRIBUTIONS","CGDP","Contributions as a share of GDP","BEL","Belgium","2018","2018","PC","Percentage","0","Units",,,0.398,,
"APLANS","Total, by pension plan type","ADEF","Total, by definition type","PF","Pension funds (autonomous)","3100","CONTRIBUTIONS","CGDP","Contributions as a share of GDP","BEL","Belgium","2019","2019","PC","Percentage","0","Units",,,0.385,,
"APLANS","Total, by pension plan type","ADEF","Total, by definition type","PF","Pension funds (autonomous)","3100","CONTRIBUTIONS","CGDP","Contributions as a share of GDP","BEL","Belgium","2020","2020","PC","Percentage","0","Units",,,0.443,,
"APLANS","Total, by pension plan type","ADEF","Total, by definition type","PF","Pension funds (autonomous)","3100","CONTRIBUTIONS","CGDP","Contributions as a share of GDP","CAN","Canada","2011","2011","PC","Percentage","0","Units",,,2.819,,
"APLANS","Total, by pension plan type","ADEF","Total, by definition type","PF","Pension funds (autonomous)","3100","CONTRIBUTIONS","CGDP","Contributions as a share of GDP","CAN","Canada","2012","2012","PC","Percentage","0","Units",,,2.995,,
"APLANS","Total, by pension plan type","ADEF","Total, by definition type","PF","Pension funds (autonomous)","3100","CONTRIBUTIONS","CGDP","Contributions as a share of GDP","CAN","Canada","2013","2013","PC","Percentage","0","Units",,,2.929,,
"APLANS","Total, by pension plan type","ADEF","Total, by definition type","PF","Pension funds (autonomous)","3100","CONTRIBUTIONS","CGDP","Contributions as a share of GDP","CAN","Canada","2014","2014","PC","Percentage","0","Units",,,2.611,,
"APLANS","Total, by pension plan type","ADEF","Total, by definition type","PF","Pension funds (autonomous)","3100","CONTRIBUTIONS","CGDP","Contributions as a share of GDP","CAN","Canada","2015","2015","PC","Percentage","0","Units",,,2.923,,
"APLANS","Total, by pension plan type","ADEF","Total, by definition type","PF","Pension funds (autonomous)","3100","CONTRIBUTIONS","CGDP","Contributions as a share of GDP","CAN","Canada","2016","2016","PC","Percentage","0","Units",,,2.804,,
"APLANS","Total, by pension plan type","ADEF","Total, by definition type","PF","Pension funds (autonomous)","3100","CONTRIBUTIONS","CGDP","Contributions as a share of GDP","CAN","Canada","2017","2017","PC","Percentage","0","Units",,,3.48,,
"APLANS","Total, by pension plan type","ADEF","Total, by definition type","PF","Pension funds (autonomous)","3100","CONTRIBUTIONS","CGDP","Contributions as a share of GDP","CAN","Canada","2018","2018","PC","Percentage","0","Units",,,2.808,,
"APLANS","Total, by pension plan type","ADEF","Total, by definition type","PF","Pension funds (autonomous)","3100","CONTRIBUTIONS","CGDP","Contributions as a share of GDP","CAN","Canada","2019","2019","PC","Percentage","0","Units",,,2.718,,
"APLANS","Total, by pension plan type","ADEF","Total, by definition type","PF","Pension funds (autonomous)","3100","CONTRIBUTIONS","CGDP","Contributions as a share of GDP","CAN","Canada","2020","2020","PC","Percentage","0","Units",,,2.874,,
"APLANS","Total, by pension plan type","ADEF","Total, by definition type","PF","Pension funds (autonomous)","3100","CONTRIBUTIONS","CGDP","Contributions as a share of GDP","CAN","Canada","2021","2021","PC","Percentage","0","Units",,,2.452,,
"APLANS","Total, by pension plan type","ADEF","Total, by definition type","PF","Pension funds (autonomous)","3100","CONTRIBUTIONS","CGDP","Contributions as a share of GDP","CZE","Czech Republic","2011","2011","PC","Percentage","0","Units",,,0.794,,
"APLANS","Total, by pension plan type","ADEF","Total, by definition type","PF","Pension funds (autonomous)","3100","CONTRIBUTIONS","CGDP","Contributions as a share of GDP","CZE","Czech Republic","2012","2012","PC","Percentage","0","Units",,,0.853,,
"APLANS","Total, by pension plan type","ADEF","Total, by definition type","PF","Pension funds (autonomous)","3100","CONTRIBUTIONS","CGDP","Contributions as a share of GDP","CZE","Czech Republic","2013","2013","PC","Percentage","0","Units",,,0.995,,
"APLANS","Total, by pension plan type","ADEF","Total, by definition type","PF","Pension funds (autonomous)","3100","CONTRIBUTIONS","CGDP","Contributions as a share of GDP","CZE","Czech Republic","2014","2014","PC","Percentage","0","Units",,,0.983,,
"APLANS","Total, by pension plan type","ADEF","Total, by definition type","PF","Pension funds (autonomous)","3100","CONTRIBUTIONS","CGDP","Contributions as a share of GDP","CZE","Czech Republic","2015","2015","PC","Percentage","0","Units",,,0.948,,
"APLANS","Total, by pension plan type","ADEF","Total, by definition type","PF","Pension funds (autonomous)","3100","CONTRIBUTIONS","CGDP","Contributions as a share of GDP","CZE","Czech Republic","2016","2016","PC","Percentage","0","Units",,,0.923,,
"APLANS","Total, by pension plan type","ADEF","Total, by definition type","PF","Pension funds (autonomous)","3100","CONTRIBUTIONS","CGDP","Contributions as a share of GDP","CZE","Czech Republic","2017","2017","PC","Percentage","0","Units",,,0.901,,
"APLANS","Total, by pension plan type","ADEF","Total, by definition type","PF","Pension funds (autonomous)","3100","CONTRIBUTIONS","CGDP","Contributions as a share of GDP","CZE","Czech Republic","2018","2018","PC","Percentage","0","Units",,,0.894,,
"APLANS","Total, by pension plan type","ADEF","Total, by definition type","PF","Pension funds (autonomous)","3100","CONTRIBUTIONS","CGDP","Contributions as a share of GDP","CZE","Czech Republic","2019","2019","PC","Percentage","0","Units",,,0.866,,
"APLANS","Total, by pension plan type","ADEF","Total, by definition type","PF","Pension funds (autonomous)","3100","CONTRIBUTIONS","CGDP","Contributions as a share of GDP","CZE","Czech Republic","2020","2020","PC","Percentage","0","Units",,,0.928,,
"APLANS","Total, by pension plan type","ADEF","Total, by definition type","PF","Pension funds (autonomous)","3100","CONTRIBUTIONS","CGDP","Contributions as a share of GDP","CZE","Czech Republic","2021","2021","PC","Percentage","0","Units",,,0.932,,
"APLANS","Total, by pension plan type","ADEF","Total, by definition type","PF","Pension funds (autonomous)","3100","CONTRIBUTIONS","CGDP","Contributions as a share of GDP","DNK","Denmark","2011","2011","PC","Percentage","0","Units",,,0.513,,
"APLANS","Total, by pension plan type","ADEF","Total, by definition type","PF","Pension funds (autonomous)","3100","CONTRIBUTIONS","CGDP","Contributions as a share of GDP","DNK","Denmark","2012","2012","PC","Percentage","0","Units",,,0.488,,
"APLANS","Total, by pension plan type","ADEF","Total, by definition type","PF","Pension funds (autonomous)","3100","CONTRIBUTIONS","CGDP","Contributions as a share of GDP","DNK","Denmark","2013","2013","PC","Percentage","0","Units",,,0.616,,
"APLANS","Total, by pension plan type","ADEF","Total, by definition type","PF","Pension funds (autonomous)","3100","CONTRIBUTIONS","CGDP","Contributions as a share of GDP","DNK","Denmark","2014","2014","PC","Percentage","0","Units",,,0.475,,
"APLANS","Total, by pension plan type","ADEF","Total, by definition type","PF","Pension funds (autonomous)","3100","CONTRIBUTIONS","CGDP","Contributions as a share of GDP","DNK","Denmark","2015","2015","PC","Percentage","0","Units",,,0.458,,
"APLANS","Total, by pension plan type","ADEF","Total, by definition type","PF","Pension funds (autonomous)","3100","CONTRIBUTIONS","CGDP","Contributions as a share of GDP","DNK","Denmark","2016","2016","PC","Percentage","0","Units",,,0.466,,
"APLANS","Total, by pension plan type","ADEF","Total, by definition type","PF","Pension funds (autonomous)","3100","CONTRIBUTIONS","CGDP","Contributions as a share of GDP","DNK","Denmark","2017","2017","PC","Percentage","0","Units",,,0.453,,
"APLANS","Total, by pension plan type","ADEF","Total, by definition type","PF","Pension funds (autonomous)","3100","CONTRIBUTIONS","CGDP","Contributions as a share of GDP","DNK","Denmark","2018","2018","PC","Percentage","0","Units",,,0.445,,
"APLANS","Total, by pension plan type","ADEF","Total, by definition type","PF","Pension funds (autonomous)","3100","CONTRIBUTIONS","CGDP","Contributions as a share of GDP","DNK","Denmark","2019","2019","PC","Percentage","0","Units",,,0.441,,
"APLANS","Total, by pension plan type","ADEF","Total, by definition type","PF","Pension funds (autonomous)","3100","CONTRIBUTIONS","CGDP","Contributions as a share of GDP","DNK","Denmark","2020","2020","PC","Percentage","0","Units",,,0.467,,
"APLANS","Total, by pension plan type","ADEF","Total, by definition type","PF","Pension funds (autonomous)","3100","CONTRIBUTIONS","CGDP","Contributions as a share of GDP","DNK","Denmark","2021","2021","PC","Percentage","0","Units",,,0.463,,
"APLANS","Total, by pension plan type","ADEF","Total, by definition type","PF","Pension funds (autonomous)","3100","CONTRIBUTIONS","CGDP","Contributions as a share of GDP","FIN","Finland","2011","2011","PC","Percentage","0","Units",,,1.035,,
"APLANS","Total, by pension plan type","ADEF","Total, by definition type","PF","Pension funds (autonomous)","3100","CONTRIBUTIONS","CGDP","Contributions as a share of GDP","FIN","Finland","2012","2012","PC","Percentage","0","Units",,,1.032,,
"APLANS","Total, by pension plan type","ADEF","Total, by definition type","PF","Pension funds (autonomous)","3100","CONTRIBUTIONS","CGDP","Contributions as a share of GDP","FIN","Finland","2013","2013","PC","Percentage","0","Units",,,1.001,,
"APLANS","Total, by pension plan type","ADEF","Total, by definition type","PF","Pension funds (autonomous)","3100","CONTRIBUTIONS","CGDP","Contributions as a share of GDP","FIN","Finland","2014","2014","PC","Percentage","0","Units",,,0.987,,
"APLANS","Total, by pension plan type","ADEF","Total, by definition type","PF","Pension funds (autonomous)","3100","CONTRIBUTIONS","CGDP","Contributions as a share of GDP","FIN","Finland","2015","2015","PC","Percentage","0","Units",,,0.939,,
"APLANS","Total, by pension plan type","ADEF","Total, by definition type","PF","Pension funds (autonomous)","3100","CONTRIBUTIONS","CGDP","Contributions as a share of GDP","FIN","Finland","2016","2016","PC","Percentage","0","Units",,,0.961,,
"APLANS","Total, by pension plan type","ADEF","Total, by definition type","PF","Pension funds (autonomous)","3100","CONTRIBUTIONS","CGDP","Contributions as a share of GDP","FIN","Finland","2017","2017","PC","Percentage","0","Units",,,1.085,,
"APLANS","Total, by pension plan type","ADEF","Total, by definition type","PF","Pension funds (autonomous)","3100","CONTRIBUTIONS","CGDP","Contributions as a share of GDP","FIN","Finland","2018","2018","PC","Percentage","0","Units",,,1.125,,
"APLANS","Total, by pension plan type","ADEF","Total, by definition type","PF","Pension funds (autonomous)","3100","CONTRIBUTIONS","CGDP","Contributions as a share of GDP","FIN","Finland","2019","2019","PC","Percentage","0","Units",,,1.131,,
"APLANS","Total, by pension plan type","ADEF","Total, by definition type","PF","Pension funds (autonomous)","3100","CONTRIBUTIONS","CGDP","Contributions as a share of GDP","FIN","Finland","2020","2020","PC","Percentage","0","Units",,,1.16,,
"APLANS","Total, by pension plan type","ADEF","Total, by definition type","PF","Pension funds (autonomous)","3100","CONTRIBUTIONS","CGDP","Contributions as a share of GDP","FIN","Finland","2021","2021","PC","Percentage","0","Units",,,1.211,,
"APLANS","Total, by pension plan type","ADEF","Total, by definition type","PF","Pension funds (autonomous)","3100","CONTRIBUTIONS","CGDP","Contributions as a share of GDP","FRA","France","2011","2011","PC","Percentage","0","Units",,,0.041,,
"APLANS","Total, by pension plan type","ADEF","Total, by definition type","PF","Pension funds (autonomous)","3100","CONTRIBUTIONS","CGDP","Contributions as a share of GDP","FRA","France","2012","2012","PC","Percentage","0","Units",,,0.041,,
"APLANS","Total, by pension plan type","ADEF","Total, by definition type","PF","Pension funds (autonomous)","3100","CONTRIBUTIONS","CGDP","Contributions as a share of GDP","FRA","France","2013","2013","PC","Percentage","0","Units",,,0.08,,
"APLANS","Total, by pension plan type","ADEF","Total, by definition type","PF","Pension funds (autonomous)","3100","CONTRIBUTIONS","CGDP","Contributions as a share of GDP","FRA","France","2014","2014","PC","Percentage","0","Units",,,0.086,,
"APLANS","Total, by pension plan type","ADEF","Total, by definition type","PF","Pension funds (autonomous)","3100","CONTRIBUTIONS","CGDP","Contributions as a share of GDP","FRA","France","2015","2015","PC","Percentage","0","Units",,,0.095,,
"APLANS","Total, by pension plan type","ADEF","Total, by definition type","PF","Pension funds (autonomous)","3100","CONTRIBUTIONS","CGDP","Contributions as a share of GDP","FRA","France","2019","2019","PC","Percentage","0","Units",,,0.12,,
"APLANS","Total, by pension plan type","ADEF","Total, by definition type","PF","Pension funds (autonomous)","3100","CONTRIBUTIONS","CGDP","Contributions as a share of GDP","DEU","Germany","2011","2011","PC","Percentage","0","Units",,,0.306,,
"APLANS","Total, by pension plan type","ADEF","Total, by definition type","PF","Pension funds (autonomous)","3100","CONTRIBUTIONS","CGDP","Contributions as a share of GDP","DEU","Germany","2012","2012","PC","Percentage","0","Units",,,0.257,,
"APLANS","Total, by pension plan type","ADEF","Total, by definition type","PF","Pension funds (autonomous)","3100","CONTRIBUTIONS","CGDP","Contributions as a share of GDP","DEU","Germany","2013","2013","PC","Percentage","0","Units",,,0.256,,
"APLANS","Total, by pension plan type","ADEF","Total, by definition type","PF","Pension funds (autonomous)","3100","CONTRIBUTIONS","CGDP","Contributions as a share of GDP","DEU","Germany","2014","2014","PC","Percentage","0","Units",,,0.268,,
"APLANS","Total, by pension plan type","ADEF","Total, by definition type","PF","Pension funds (autonomous)","3100","CONTRIBUTIONS","CGDP","Contributions as a share of GDP","DEU","Germany","2015","2015","PC","Percentage","0","Units",,,0.314,,
"APLANS","Total, by pension plan type","ADEF","Total, by definition type","PF","Pension funds (autonomous)","3100","CONTRIBUTIONS","CGDP","Contributions as a share of GDP","DEU","Germany","2016","2016","PC","Percentage","0","Units",,,0.305,,
"APLANS","Total, by pension plan type","ADEF","Total, by definition type","PF","Pension funds (autonomous)","3100","CONTRIBUTIONS","CGDP","Contributions as a share of GDP","DEU","Germany","2017","2017","PC","Percentage","0","Units",,,0.296,,
"APLANS","Total, by pension plan type","ADEF","Total, by definition type","PF","Pension funds (autonomous)","3100","CONTRIBUTIONS","CGDP","Contributions as a share of GDP","DEU","Germany","2018","2018","PC","Percentage","0","Units",,,0.52,,
"APLANS","Total, by pension plan type","ADEF","Total, by definition type","PF","Pension funds (autonomous)","3100","CONTRIBUTIONS","CGDP","Contributions as a share of GDP","DEU","Germany","2019","2019","PC","Percentage","0","Units",,,0.272,,
"APLANS","Total, by pension plan type","ADEF","Total, by definition type","PF","Pension funds (autonomous)","3100","CONTRIBUTIONS","CGDP","Contributions as a share of GDP","DEU","Germany","2020","2020","PC","Percentage","0","Units",,,0.418,,
"APLANS","Total, by pension plan type","ADEF","Total, by definition type","PF","Pension funds (autonomous)","3100","CONTRIBUTIONS","CGDP","Contributions as a share of GDP","DEU","Germany","2021","2021","PC","Percentage","0","Units",,,0.34,,
"APLANS","Total, by pension plan type","ADEF","Total, by definition type","PF","Pension funds (autonomous)","3100","CONTRIBUTIONS","CGDP","Contributions as a share of GDP","GRC","Greece","2011","2011","PC","Percentage","0","Units",,,0.01,,
"APLANS","Total, by pension plan type","ADEF","Total, by definition type","PF","Pension funds (autonomous)","3100","CONTRIBUTIONS","CGDP","Contributions as a share of GDP","GRC","Greece","2012","2012","PC","Percentage","0","Units",,,0.007,,
"APLANS","Total, by pension plan type","ADEF","Total, by definition type","PF","Pension funds (autonomous)","3100","CONTRIBUTIONS","CGDP","Contributions as a share of GDP","GRC","Greece","2013","2013","PC","Percentage","0","Units",,,0.081,,
"APLANS","Total, by pension plan type","ADEF","Total, by definition type","PF","Pension funds (autonomous)","3100","CONTRIBUTIONS","CGDP","Contributions as a share of GDP","GRC","Greece","2014","2014","PC","Percentage","0","Units",,,0.106,,
"APLANS","Total, by pension plan type","ADEF","Total, by definition type","PF","Pension funds (autonomous)","3100","CONTRIBUTIONS","CGDP","Contributions as a share of GDP","HUN","Hungary","2011","2011","PC","Percentage","0","Units",,,0.306,,
"APLANS","Total, by pension plan type","ADEF","Total, by definition type","PF","Pension funds (autonomous)","3100","CONTRIBUTIONS","CGDP","Contributions as a share of GDP","HUN","Hungary","2012","2012","PC","Percentage","0","Units",,,0.252,,
"APLANS","Total, by pension plan type","ADEF","Total, by definition type","PF","Pension funds (autonomous)","3100","CONTRIBUTIONS","CGDP","Contributions as a share of GDP","HUN","Hungary","2013","2013","PC","Percentage","0","Units",,,0.287,,
"APLANS","Total, by pension plan type","ADEF","Total, by definition type","PF","Pension funds (autonomous)","3100","CONTRIBUTIONS","CGDP","Contributions as a share of GDP","HUN","Hungary","2014","2014","PC","Percentage","0","Units",,,0.306,,
"APLANS","Total, by pension plan type","ADEF","Total, by definition type","PF","Pension funds (autonomous)","3100","CONTRIBUTIONS","CGDP","Contributions as a share of GDP","HUN","Hungary","2015","2015","PC","Percentage","0","Units",,,0.3,,
"APLANS","Total, by pension plan type","ADEF","Total, by definition type","PF","Pension funds (autonomous)","3100","CONTRIBUTIONS","CGDP","Contributions as a share of GDP","HUN","Hungary","2016","2016","PC","Percentage","0","Units",,,0.319,,
"APLANS","Total, by pension plan type","ADEF","Total, by definition type","PF","Pension funds (autonomous)","3100","CONTRIBUTIONS","CGDP","Contributions as a share of GDP","HUN","Hungary","2017","2017","PC","Percentage","0","Units",,,0.264,,
"APLANS","Total, by pension plan type","ADEF","Total, by definition type","PF","Pension funds (autonomous)","3100","CONTRIBUTIONS","CGDP","Contributions as a share of GDP","HUN","Hungary","2018","2018","PC","Percentage","0","Units",,,0.272,,
"APLANS","Total, by pension plan type","ADEF","Total, by definition type","PF","Pension funds (autonomous)","3100","CONTRIBUTIONS","CGDP","Contributions as a share of GDP","HUN","Hungary","2019","2019","PC","Percentage","0","Units",,,0.214,,
"APLANS","Total, by pension plan type","ADEF","Total, by definition type","PF","Pension funds (autonomous)","3100","CONTRIBUTIONS","CGDP","Contributions as a share of GDP","HUN","Hungary","2020","2020","PC","Percentage","0","Units",,,0.216,,
"APLANS","Total, by pension plan type","ADEF","Total, by definition type","PF","Pension funds (autonomous)","3100","CONTRIBUTIONS","CGDP","Contributions as a share of GDP","HUN","Hungary","2021","2021","PC","Percentage","0","Units",,,0.221,,
"APLANS","Total, by pension plan type","ADEF","Total, by definition type","PF","Pension funds (autonomous)","3100","CONTRIBUTIONS","CGDP","Contributions as a share of GDP","ISL","Iceland","2011","2011","PC","Percentage","0","Units",,,5.859,,
"APLANS","Total, by pension plan type","ADEF","Total, by definition type","PF","Pension funds (autonomous)","3100","CONTRIBUTIONS","CGDP","Contributions as a share of GDP","ISL","Iceland","2012","2012","PC","Percentage","0","Units",,,5.896,,
"APLANS","Total, by pension plan type","ADEF","Total, by definition type","PF","Pension funds (autonomous)","3100","CONTRIBUTIONS","CGDP","Contributions as a share of GDP","ISL","Iceland","2013","2013","PC","Percentage","0","Units",,,5.875,,
"APLANS","Total, by pension plan type","ADEF","Total, by definition type","PF","Pension funds (autonomous)","3100","CONTRIBUTIONS","CGDP","Contributions as a share of GDP","ISL","Iceland","2014","2014","PC","Percentage","0","Units",,,5.834,,
"APLANS","Total, by pension plan type","ADEF","Total, by definition type","PF","Pension funds (autonomous)","3100","CONTRIBUTIONS","CGDP","Contributions as a share of GDP","ISL","Iceland","2015","2015","PC","Percentage","0","Units",,,6.044,,
"APLANS","Total, by pension plan type","ADEF","Total, by definition type","PF","Pension funds (autonomous)","3100","CONTRIBUTIONS","CGDP","Contributions as a share of GDP","ISL","Iceland","2016","2016","PC","Percentage","0","Units",,,6.307,,
"APLANS","Total, by pension plan type","ADEF","Total, by definition type","PF","Pension funds (autonomous)","3100","CONTRIBUTIONS","CGDP","Contributions as a share of GDP","ISL","Iceland","2017","2017","PC","Percentage","0","Units",,,10.333,,
"APLANS","Total, by pension plan type","ADEF","Total, by definition type","PF","Pension funds (autonomous)","3100","CONTRIBUTIONS","CGDP","Contributions as a share of GDP","ISL","Iceland","2018","2018","PC","Percentage","0","Units",,,8.597,,
"APLANS","Total, by pension plan type","ADEF","Total, by definition type","PF","Pension funds (autonomous)","3100","CONTRIBUTIONS","CGDP","Contributions as a share of GDP","ISL","Iceland","2019","2019","PC","Percentage","0","Units",,,8.698,,
"APLANS","Total, by pension plan type","ADEF","Total, by definition type","PF","Pension funds (autonomous)","3100","CONTRIBUTIONS","CGDP","Contributions as a share of GDP","ISL","Iceland","2020","2020","PC","Percentage","0","Units",,,9.337,,
"APLANS","Total, by pension plan type","ADEF","Total, by definition type","PF","Pension funds (autonomous)","3100","CONTRIBUTIONS","CGDP","Contributions as a share of GDP","ISL","Iceland","2021","2021","PC","Percentage","0","Units",,,9.194,,
"APLANS","Total, by pension plan type","ADEF","Total, by definition type","PF","Pension funds (autonomous)","3100","CONTRIBUTIONS","CGDP","Contributions as a share of GDP","ITA","Italy","2011","2011","PC","Percentage","0","Units",,,0.558,,
"APLANS","Total, by pension plan type","ADEF","Total, by definition type","PF","Pension funds (autonomous)","3100","CONTRIBUTIONS","CGDP","Contributions as a share of GDP","ITA","Italy","2012","2012","PC","Percentage","0","Units",,,0.556,,
"APLANS","Total, by pension plan type","ADEF","Total, by definition type","PF","Pension funds (autonomous)","3100","CONTRIBUTIONS","CGDP","Contributions as a share of GDP","ITA","Italy","2013","2013","PC","Percentage","0","Units",,,0.567,,
"APLANS","Total, by pension plan type","ADEF","Total, by definition type","PF","Pension funds (autonomous)","3100","CONTRIBUTIONS","CGDP","Contributions as a share of GDP","ITA","Italy","2014","2014","PC","Percentage","0","Units",,,0.574,,
"APLANS","Total, by pension plan type","ADEF","Total, by definition type","PF","Pension funds (autonomous)","3100","CONTRIBUTIONS","CGDP","Contributions as a share of GDP","ITA","Italy","2015","2015","PC","Percentage","0","Units",,,0.585,,
"APLANS","Total, by pension plan type","ADEF","Total, by definition type","PF","Pension funds (autonomous)","3100","CONTRIBUTIONS","CGDP","Contributions as a share of GDP","ITA","Italy","2016","2016","PC","Percentage","0","Units",,,0.593,,
"APLANS","Total, by pension plan type","ADEF","Total, by definition type","PF","Pension funds (autonomous)","3100","CONTRIBUTIONS","CGDP","Contributions as a share of GDP","ITA","Italy","2017","2017","PC","Percentage","0","Units",,,0.601,,
"APLANS","Total, by pension plan type","ADEF","Total, by definition type","PF","Pension funds (autonomous)","3100","CONTRIBUTIONS","CGDP","Contributions as a share of GDP","ITA","Italy","2018","2018","PC","Percentage","0","Units",,,0.657,,
"APLANS","Total, by pension plan type","ADEF","Total, by definition type","PF","Pension funds (autonomous)","3100","CONTRIBUTIONS","CGDP","Contributions as a share of GDP","ITA","Italy","2019","2019","PC","Percentage","0","Units",,,0.631,,
"APLANS","Total, by pension plan type","ADEF","Total, by definition type","PF","Pension funds (autonomous)","3100","CONTRIBUTIONS","CGDP","Contributions as a share of GDP","ITA","Italy","2020","2020","PC","Percentage","0","Units",,,0.705,,
"APLANS","Total, by pension plan type","ADEF","Total, by definition type","PF","Pension funds (autonomous)","3100","CONTRIBUTIONS","CGDP","Contributions as a share of GDP","ITA","Italy","2021","2021","PC","Percentage","0","Units",,,0.699,,
"APLANS","Total, by pension plan type","ADEF","Total, by definition type","PF","Pension funds (autonomous)","3100","CONTRIBUTIONS","CGDP","Contributions as a share of GDP","JPN","Japan","2014","2014","PC","Percentage","0","Units",,,0.162,,
"APLANS","Total, by pension plan type","ADEF","Total, by definition type","PF","Pension funds (autonomous)","3100","CONTRIBUTIONS","CGDP","Contributions as a share of GDP","KOR","Korea","2011","2011","PC","Percentage","0","Units",,,0.724,,
"APLANS","Total, by pension plan type","ADEF","Total, by definition type","PF","Pension funds (autonomous)","3100","CONTRIBUTIONS","CGDP","Contributions as a share of GDP","KOR","Korea","2012","2012","PC","Percentage","0","Units",,,1.814,,
"APLANS","Total, by pension plan type","ADEF","Total, by definition type","PF","Pension funds (autonomous)","3100","CONTRIBUTIONS","CGDP","Contributions as a share of GDP","KOR","Korea","2013","2013","PC","Percentage","0","Units",,,2.232,,
"APLANS","Total, by pension plan type","ADEF","Total, by definition type","PF","Pension funds (autonomous)","3100","CONTRIBUTIONS","CGDP","Contributions as a share of GDP","KOR","Korea","2014","2014","PC","Percentage","0","Units",,,2.995,,
"APLANS","Total, by pension plan type","ADEF","Total, by definition type","PF","Pension funds (autonomous)","3100","CONTRIBUTIONS","CGDP","Contributions as a share of GDP","KOR","Korea","2015","2015","PC","Percentage","0","Units",,,2.998,,
"APLANS","Total, by pension plan type","ADEF","Total, by definition type","PF","Pension funds (autonomous)","3100","CONTRIBUTIONS","CGDP","Contributions as a share of GDP","KOR","Korea","2016","2016","PC","Percentage","0","Units",,,3.122,,
"APLANS","Total, by pension plan type","ADEF","Total, by definition type","PF","Pension funds (autonomous)","3100","CONTRIBUTIONS","CGDP","Contributions as a share of GDP","KOR","Korea","2017","2017","PC","Percentage","0","Units",,,3.056,,
"APLANS","Total, by pension plan type","ADEF","Total, by definition type","PF","Pension funds (autonomous)","3100","CONTRIBUTIONS","CGDP","Contributions as a share of GDP","KOR","Korea","2018","2018","PC","Percentage","0","Units",,,3.349,,
"APLANS","Total, by pension plan type","ADEF","Total, by definition type","PF","Pension funds (autonomous)","3100","CONTRIBUTIONS","CGDP","Contributions as a share of GDP","KOR","Korea","2020","2020","PC","Percentage","0","Units",,,4.073,,
"APLANS","Total, by pension plan type","ADEF","Total, by definition type","PF","Pension funds (autonomous)","3100","CONTRIBUTIONS","CGDP","Contributions as a share of GDP","KOR","Korea","2021","2021","PC","Percentage","0","Units",,,4.388,,
"APLANS","Total, by pension plan type","ADEF","Total, by definition type","PF","Pension funds (autonomous)","3100","CONTRIBUTIONS","CGDP","Contributions as a share of GDP","LUX","Luxembourg","2011","2011","PC","Percentage","0","Units",,,0.226,,
"APLANS","Total, by pension plan type","ADEF","Total, by definition type","PF","Pension funds (autonomous)","3100","CONTRIBUTIONS","CGDP","Contributions as a share of GDP","LUX","Luxembourg","2012","2012","PC","Percentage","0","Units",,,0.236,,
"APLANS","Total, by pension plan type","ADEF","Total, by definition type","PF","Pension funds (autonomous)","3100","CONTRIBUTIONS","CGDP","Contributions as a share of GDP","LUX","Luxembourg","2013","2013","PC","Percentage","0","Units",,,0.253,,
"APLANS","Total, by pension plan type","ADEF","Total, by definition type","PF","Pension funds (autonomous)","3100","CONTRIBUTIONS","CGDP","Contributions as a share of GDP","LUX","Luxembourg","2014","2014","PC","Percentage","0","Units",,,0.88,,
"APLANS","Total, by pension plan type","ADEF","Total, by definition type","PF","Pension funds (autonomous)","3100","CONTRIBUTIONS","CGDP","Contributions as a share of GDP","LUX","Luxembourg","2015","2015","PC","Percentage","0","Units",,,0.258,,
"APLANS","Total, by pension plan type","ADEF","Total, by definition type","PF","Pension funds (autonomous)","3100","CONTRIBUTIONS","CGDP","Contributions as a share of GDP","LUX","Luxembourg","2016","2016","PC","Percentage","0","Units",,,0.267,,
"APLANS","Total, by pension plan type","ADEF","Total, by definition type","PF","Pension funds (autonomous)","3100","CONTRIBUTIONS","CGDP","Contributions as a share of GDP","LUX","Luxembourg","2017","2017","PC","Percentage","0","Units",,,0.267,,
"APLANS","Total, by pension plan type","ADEF","Total, by definition type","PF","Pension funds (autonomous)","3100","CONTRIBUTIONS","CGDP","Contributions as a share of GDP","LUX","Luxembourg","2018","2018","PC","Percentage","0","Units",,,0.408,,
"APLANS","Total, by pension plan type","ADEF","Total, by definition type","PF","Pension funds (autonomous)","3100","CONTRIBUTIONS","CGDP","Contributions as a share of GDP","LUX","Luxembourg","2019","2019","PC","Percentage","0","Units",,,0.315,,
"APLANS","Total, by pension plan type","ADEF","Total, by definition type","PF","Pension funds (autonomous)","3100","CONTRIBUTIONS","CGDP","Contributions as a share of GDP","LUX","Luxembourg","2020","2020","PC","Percentage","0","Units",,,0.234,,
"APLANS","Total, by pension plan type","ADEF","Total, by definition type","PF","Pension funds (autonomous)","3100","CONTRIBUTIONS","CGDP","Contributions as a share of GDP","LUX","Luxembourg","2021","2021","PC","Percentage","0","Units",,,0.221,,
"APLANS","Total, by pension plan type","ADEF","Total, by definition type","PF","Pension funds (autonomous)","3100","CONTRIBUTIONS","CGDP","Contributions as a share of GDP","MEX","Mexico","2011","2011","PC","Percentage","0","Units",,,0.926,,
"APLANS","Total, by pension plan type","ADEF","Total, by definition type","PF","Pension funds (autonomous)","3100","CONTRIBUTIONS","CGDP","Contributions as a share of GDP","MEX","Mexico","2012","2012","PC","Percentage","0","Units",,,0.902,,
"APLANS","Total, by pension plan type","ADEF","Total, by definition type","PF","Pension funds (autonomous)","3100","CONTRIBUTIONS","CGDP","Contributions as a share of GDP","MEX","Mexico","2013","2013","PC","Percentage","0","Units",,,0.937,,
"APLANS","Total, by pension plan type","ADEF","Total, by definition type","PF","Pension funds (autonomous)","3100","CONTRIBUTIONS","CGDP","Contributions as a share of GDP","MEX","Mexico","2014","2014","PC","Percentage","0","Units",,,0.984,,
"APLANS","Total, by pension plan type","ADEF","Total, by definition type","PF","Pension funds (autonomous)","3100","CONTRIBUTIONS","CGDP","Contributions as a share of GDP","MEX","Mexico","2015","2015","PC","Percentage","0","Units",,,0.985,,
"APLANS","Total, by pension plan type","ADEF","Total, by definition type","PF","Pension funds (autonomous)","3100","CONTRIBUTIONS","CGDP","Contributions as a share of GDP","MEX","Mexico","2016","2016","PC","Percentage","0","Units",,,0.949,,
"APLANS","Total, by pension plan type","ADEF","Total, by definition type","PF","Pension funds (autonomous)","3100","CONTRIBUTIONS","CGDP","Contributions as a share of GDP","MEX","Mexico","2017","2017","PC","Percentage","0","Units",,,0.95,,
"APLANS","Total, by pension plan type","ADEF","Total, by definition type","PF","Pension funds (autonomous)","3100","CONTRIBUTIONS","CGDP","Contributions as a share of GDP","MEX","Mexico","2018","2018","PC","Percentage","0","Units",,,0.977,,
"APLANS","Total, by pension plan type","ADEF","Total, by definition type","PF","Pension funds (autonomous)","3100","CONTRIBUTIONS","CGDP","Contributions as a share of GDP","MEX","Mexico","2019","2019","PC","Percentage","0","Units",,,1.06,,
"APLANS","Total, by pension plan type","ADEF","Total, by definition type","PF","Pension funds (autonomous)","3100","CONTRIBUTIONS","CGDP","Contributions as a share of GDP","MEX","Mexico","2020","2020","PC","Percentage","0","Units",,,1.158,,
"APLANS","Total, by pension plan type","ADEF","Total, by definition type","PF","Pension funds (autonomous)","3100","CONTRIBUTIONS","CGDP","Contributions as a share of GDP","MEX","Mexico","2021","2021","PC","Percentage","0","Units",,,0.982,,
"APLANS","Total, by pension plan type","ADEF","Total, by definition type","PF","Pension funds (autonomous)","3100","CONTRIBUTIONS","CGDP","Contributions as a share of GDP","NLD","Netherlands","2011","2011","PC","Percentage","0","Units",,,4.707,,
"APLANS","Total, by pension plan type","ADEF","Total, by definition type","PF","Pension funds (autonomous)","3100","CONTRIBUTIONS","CGDP","Contributions as a share of GDP","NLD","Netherlands","2012","2012","PC","Percentage","0","Units",,,4.95,,
"APLANS","Total, by pension plan type","ADEF","Total, by definition type","PF","Pension funds (autonomous)","3100","CONTRIBUTIONS","CGDP","Contributions as a share of GDP","NLD","Netherlands","2013","2013","PC","Percentage","0","Units",,,5.197,,
"APLANS","Total, by pension plan type","ADEF","Total, by definition type","PF","Pension funds (autonomous)","3100","CONTRIBUTIONS","CGDP","Contributions as a share of GDP","NLD","Netherlands","2014","2014","PC","Percentage","0","Units",,,4.973,,
"APLANS","Total, by pension plan type","ADEF","Total, by definition type","PF","Pension funds (autonomous)","3100","CONTRIBUTIONS","CGDP","Contributions as a share of GDP","NLD","Netherlands","2015","2015","PC","Percentage","0","Units",,,4.148,,
"APLANS","Total, by pension plan type","ADEF","Total, by definition type","PF","Pension funds (autonomous)","3100","CONTRIBUTIONS","CGDP","Contributions as a share of GDP","NLD","Netherlands","2016","2016","PC","Percentage","0","Units",,,4.099,,
"APLANS","Total, by pension plan type","ADEF","Total, by definition type","PF","Pension funds (autonomous)","3100","CONTRIBUTIONS","CGDP","Contributions as a share of GDP","NLD","Netherlands","2017","2017","PC","Percentage","0","Units",,,4.387,,
"APLANS","Total, by pension plan type","ADEF","Total, by definition type","PF","Pension funds (autonomous)","3100","CONTRIBUTIONS","CGDP","Contributions as a share of GDP","NLD","Netherlands","2018","2018","PC","Percentage","0","Units",,,4.216,,
"APLANS","Total, by pension plan type","ADEF","Total, by definition type","PF","Pension funds (autonomous)","3100","CONTRIBUTIONS","CGDP","Contributions as a share of GDP","NLD","Netherlands","2019","2019","PC","Percentage","0","Units",,,4.356,,
"APLANS","Total, by pension plan type","ADEF","Total, by definition type","PF","Pension funds (autonomous)","3100","CONTRIBUTIONS","CGDP","Contributions as a share of GDP","NLD","Netherlands","2020","2020","PC","Percentage","0","Units",,,5.042,,
"APLANS","Total, by pension plan type","ADEF","Total, by definition type","PF","Pension funds (autonomous)","3100","CONTRIBUTIONS","CGDP","Contributions as a share of GDP","NLD","Netherlands","2021","2021","PC","Percentage","0","Units",,,4.521,,
"APLANS","Total, by pension plan type","ADEF","Total, by definition type","PF","Pension funds (autonomous)","3100","CONTRIBUTIONS","CGDP","Contributions as a share of GDP","NZL","New Zealand","2011","2011","PC","Percentage","0","Units",,,2.218,,
"APLANS","Total, by pension plan type","ADEF","Total, by definition type","PF","Pension funds (autonomous)","3100","CONTRIBUTIONS","CGDP","Contributions as a share of GDP","NZL","New Zealand","2012","2012","PC","Percentage","0","Units",,,2.348,,
"APLANS","Total, by pension plan type","ADEF","Total, by definition type","PF","Pension funds (autonomous)","3100","CONTRIBUTIONS","CGDP","Contributions as a share of GDP","NZL","New Zealand","2013","2013","PC","Percentage","0","Units",,,2.324,,
"APLANS","Total, by pension plan type","ADEF","Total, by definition type","PF","Pension funds (autonomous)","3100","CONTRIBUTIONS","CGDP","Contributions as a share of GDP","NOR","Norway","2011","2011","PC","Percentage","0","Units",,,0.43,,
"APLANS","Total, by pension plan type","ADEF","Total, by definition type","PF","Pension funds (autonomous)","3100","CONTRIBUTIONS","CGDP","Contributions as a share of GDP","NOR","Norway","2012","2012","PC","Percentage","0","Units",,,0.494,,
"APLANS","Total, by pension plan type","ADEF","Total, by definition type","PF","Pension funds (autonomous)","3100","CONTRIBUTIONS","CGDP","Contributions as a share of GDP","NOR","Norway","2013","2013","PC","Percentage","0","Units",,,0.428,,
"APLANS","Total, by pension plan type","ADEF","Total, by definition type","PF","Pension funds (autonomous)","3100","CONTRIBUTIONS","CGDP","Contributions as a share of GDP","NOR","Norway","2014","2014","PC","Percentage","0","Units",,,0.474,,
"APLANS","Total, by pension plan type","ADEF","Total, by definition type","PF","Pension funds (autonomous)","3100","CONTRIBUTIONS","CGDP","Contributions as a share of GDP","NOR","Norway","2015","2015","PC","Percentage","0","Units",,,0.474,,
"APLANS","Total, by pension plan type","ADEF","Total, by definition type","PF","Pension funds (autonomous)","3100","CONTRIBUTIONS","CGDP","Contributions as a share of GDP","NOR","Norway","2016","2016","PC","Percentage","0","Units",,,0.455,,
"APLANS","Total, by pension plan type","ADEF","Total, by definition type","PF","Pension funds (autonomous)","3100","CONTRIBUTIONS","CGDP","Contributions as a share of GDP","NOR","Norway","2017","2017","PC","Percentage","0","Units",,,0.411,,
"APLANS","Total, by pension plan type","ADEF","Total, by definition type","PF","Pension funds (autonomous)","3100","CONTRIBUTIONS","CGDP","Contributions as a share of GDP","NOR","Norway","2018","2018","PC","Percentage","0","Units",,,0.408,,
"APLANS","Total, by pension plan type","ADEF","Total, by definition type","PF","Pension funds (autonomous)","3100","CONTRIBUTIONS","CGDP","Contributions as a share of GDP","NOR","Norway","2019","2019","PC","Percentage","0","Units",,,0.444,,
"APLANS","Total, by pension plan type","ADEF","Total, by definition type","PF","Pension funds (autonomous)","3100","CONTRIBUTIONS","CGDP","Contributions as a share of GDP","NOR","Norway","2020","2020","PC","Percentage","0","Units",,,0.39,,
"APLANS","Total, by pension plan type","ADEF","Total, by definition type","PF","Pension funds (autonomous)","3100","CONTRIBUTIONS","CGDP","Contributions as a share of GDP","NOR","Norway","2021","2021","PC","Percentage","0","Units",,,0.478,,
"APLANS","Total, by pension plan type","ADEF","Total, by definition type","PF","Pension funds (autonomous)","3100","CONTRIBUTIONS","CGDP","Contributions as a share of GDP","POL","Poland","2011","2011","PC","Percentage","0","Units",,,1.017,,
"APLANS","Total, by pension plan type","ADEF","Total, by definition type","PF","Pension funds (autonomous)","3100","CONTRIBUTIONS","CGDP","Contributions as a share of GDP","POL","Poland","2012","2012","PC","Percentage","0","Units",,,0.529,,
"APLANS","Total, by pension plan type","ADEF","Total, by definition type","PF","Pension funds (autonomous)","3100","CONTRIBUTIONS","CGDP","Contributions as a share of GDP","POL","Poland","2013","2013","PC","Percentage","0","Units",,,0.682,,
"APLANS","Total, by pension plan type","ADEF","Total, by definition type","PF","Pension funds (autonomous)","3100","CONTRIBUTIONS","CGDP","Contributions as a share of GDP","POL","Poland","2014","2014","PC","Percentage","0","Units",,,0.5,,
"APLANS","Total, by pension plan type","ADEF","Total, by definition type","PF","Pension funds (autonomous)","3100","CONTRIBUTIONS","CGDP","Contributions as a share of GDP","POL","Poland","2015","2015","PC","Percentage","0","Units",,,0.185,,
"APLANS","Total, by pension plan type","ADEF","Total, by definition type","PF","Pension funds (autonomous)","3100","CONTRIBUTIONS","CGDP","Contributions as a share of GDP","POL","Poland","2016","2016","PC","Percentage","0","Units",,,0.183,,
"APLANS","Total, by pension plan type","ADEF","Total, by definition type","PF","Pension funds (autonomous)","3100","CONTRIBUTIONS","CGDP","Contributions as a share of GDP","POL","Poland","2017","2017","PC","Percentage","0","Units",,,0.177,,
"APLANS","Total, by pension plan type","ADEF","Total, by definition type","PF","Pension funds (autonomous)","3100","CONTRIBUTIONS","CGDP","Contributions as a share of GDP","POL","Poland","2018","2018","PC","Percentage","0","Units",,,0.167,,
"APLANS","Total, by pension plan type","ADEF","Total, by definition type","PF","Pension funds (autonomous)","3100","CONTRIBUTIONS","CGDP","Contributions as a share of GDP","POL","Poland","2019","2019","PC","Percentage","0","Units",,,0.162,,
"APLANS","Total, by pension plan type","ADEF","Total, by definition type","PF","Pension funds (autonomous)","3100","CONTRIBUTIONS","CGDP","Contributions as a share of GDP","POL","Poland","2020","2020","PC","Percentage","0","Units",,,0.157,,
"APLANS","Total, by pension plan type","ADEF","Total, by definition type","PF","Pension funds (autonomous)","3100","CONTRIBUTIONS","CGDP","Contributions as a share of GDP","POL","Poland","2021","2021","PC","Percentage","0","Units",,,0.188,,
"APLANS","Total, by pension plan type","ADEF","Total, by definition type","PF","Pension funds (autonomous)","3100","CONTRIBUTIONS","CGDP","Contributions as a share of GDP","PRT","Portugal","2011","2011","PC","Percentage","0","Units",,,0.689,,
"APLANS","Total, by pension plan type","ADEF","Total, by definition type","PF","Pension funds (autonomous)","3100","CONTRIBUTIONS","CGDP","Contributions as a share of GDP","PRT","Portugal","2012","2012","PC","Percentage","0","Units",,,0.514,,
"APLANS","Total, by pension plan type","ADEF","Total, by definition type","PF","Pension funds (autonomous)","3100","CONTRIBUTIONS","CGDP","Contributions as a share of GDP","PRT","Portugal","2013","2013","PC","Percentage","0","Units",,,0.389,,
"APLANS","Total, by pension plan type","ADEF","Total, by definition type","PF","Pension funds (autonomous)","3100","CONTRIBUTIONS","CGDP","Contributions as a share of GDP","PRT","Portugal","2014","2014","PC","Percentage","0","Units",,,1.112,,
"APLANS","Total, by pension plan type","ADEF","Total, by definition type","PF","Pension funds (autonomous)","3100","CONTRIBUTIONS","CGDP","Contributions as a share of GDP","PRT","Portugal","2015","2015","PC","Percentage","0","Units",,,0.557,,
"APLANS","Total, by pension plan type","ADEF","Total, by definition type","PF","Pension funds (autonomous)","3100","CONTRIBUTIONS","CGDP","Contributions as a share of GDP","PRT","Portugal","2016","2016","PC","Percentage","0","Units",,,0.489,,
"APLANS","Total, by pension plan type","ADEF","Total, by definition type","PF","Pension funds (autonomous)","3100","CONTRIBUTIONS","CGDP","Contributions as a share of GDP","PRT","Portugal","2017","2017","PC","Percentage","0","Units",,,0.568,,
"APLANS","Total, by pension plan type","ADEF","Total, by definition type","PF","Pension funds (autonomous)","3100","CONTRIBUTIONS","CGDP","Contributions as a share of GDP","PRT","Portugal","2018","2018","PC","Percentage","0","Units",,,0.355,,
"APLANS","Total, by pension plan type","ADEF","Total, by definition type","PF","Pension funds (autonomous)","3100","CONTRIBUTIONS","CGDP","Contributions as a share of GDP","PRT","Portugal","2019","2019","PC","Percentage","0","Units",,,0.79,,
"APLANS","Total, by pension plan type","ADEF","Total, by definition type","PF","Pension funds (autonomous)","3100","CONTRIBUTIONS","CGDP","Contributions as a share of GDP","PRT","Portugal","2020","2020","PC","Percentage","0","Units",,,0.675,,
"APLANS","Total, by pension plan type","ADEF","Total, by definition type","PF","Pension funds (autonomous)","3100","CONTRIBUTIONS","CGDP","Contributions as a share of GDP","PRT","Portugal","2021","2021","PC","Percentage","0","Units",,,0.542,,
"APLANS","Total, by pension plan type","ADEF","Total, by definition type","PF","Pension funds (autonomous)","3100","CONTRIBUTIONS","CGDP","Contributions as a share of GDP","SVK","Slovak Republic","2011","2011","PC","Percentage","0","Units",,,1.331,,
"APLANS","Total, by pension plan type","ADEF","Total, by definition type","PF","Pension funds (autonomous)","3100","CONTRIBUTIONS","CGDP","Contributions as a share of GDP","SVK","Slovak Republic","2012","2012","PC","Percentage","0","Units",,,1.26,,
"APLANS","Total, by pension plan type","ADEF","Total, by definition type","PF","Pension funds (autonomous)","3100","CONTRIBUTIONS","CGDP","Contributions as a share of GDP","SVK","Slovak Republic","2013","2013","PC","Percentage","0","Units",,,0.772,,
"APLANS","Total, by pension plan type","ADEF","Total, by definition type","PF","Pension funds (autonomous)","3100","CONTRIBUTIONS","CGDP","Contributions as a share of GDP","SVK","Slovak Republic","2014","2014","PC","Percentage","0","Units",,,0.801,,
"APLANS","Total, by pension plan type","ADEF","Total, by definition type","PF","Pension funds (autonomous)","3100","CONTRIBUTIONS","CGDP","Contributions as a share of GDP","SVK","Slovak Republic","2015","2015","PC","Percentage","0","Units",,,0.831,,
"APLANS","Total, by pension plan type","ADEF","Total, by definition type","PF","Pension funds (autonomous)","3100","CONTRIBUTIONS","CGDP","Contributions as a share of GDP","SVK","Slovak Republic","2016","2016","PC","Percentage","0","Units",,,0.862,,
"APLANS","Total, by pension plan type","ADEF","Total, by definition type","PF","Pension funds (autonomous)","3100","CONTRIBUTIONS","CGDP","Contributions as a share of GDP","SVK","Slovak Republic","2017","2017","PC","Percentage","0","Units",,,0.921,,
"APLANS","Total, by pension plan type","ADEF","Total, by definition type","PF","Pension funds (autonomous)","3100","CONTRIBUTIONS","CGDP","Contributions as a share of GDP","SVK","Slovak Republic","2018","2018","PC","Percentage","0","Units",,,1.018,,
"APLANS","Total, by pension plan type","ADEF","Total, by definition type","PF","Pension funds (autonomous)","3100","CONTRIBUTIONS","CGDP","Contributions as a share of GDP","SVK","Slovak Republic","2019","2019","PC","Percentage","0","Units",,,1.114,,
"APLANS","Total, by pension plan type","ADEF","Total, by definition type","PF","Pension funds (autonomous)","3100","CONTRIBUTIONS","CGDP","Contributions as a share of GDP","SVK","Slovak Republic","2020","2020","PC","Percentage","0","Units",,,1.224,,
"APLANS","Total, by pension plan type","ADEF","Total, by definition type","PF","Pension funds (autonomous)","3100","CONTRIBUTIONS","CGDP","Contributions as a share of GDP","SVK","Slovak Republic","2021","2021","PC","Percentage","0","Units",,,1.37,,
"APLANS","Total, by pension plan type","ADEF","Total, by definition type","PF","Pension funds (autonomous)","3100","CONTRIBUTIONS","CGDP","Contributions as a share of GDP","ESP","Spain","2011","2011","PC","Percentage","0","Units",,,0.462,,
"APLANS","Total, by pension plan type","ADEF","Total, by definition type","PF","Pension funds (autonomous)","3100","CONTRIBUTIONS","CGDP","Contributions as a share of GDP","ESP","Spain","2012","2012","PC","Percentage","0","Units",,,0.404,,
"APLANS","Total, by pension plan type","ADEF","Total, by definition type","PF","Pension funds (autonomous)","3100","CONTRIBUTIONS","CGDP","Contributions as a share of GDP","ESP","Spain","2013","2013","PC","Percentage","0","Units",,,0.404,,
"APLANS","Total, by pension plan type","ADEF","Total, by definition type","PF","Pension funds (autonomous)","3100","CONTRIBUTIONS","CGDP","Contributions as a share of GDP","ESP","Spain","2014","2014","PC","Percentage","0","Units",,,0.445,,
"APLANS","Total, by pension plan type","ADEF","Total, by definition type","PF","Pension funds (autonomous)","3100","CONTRIBUTIONS","CGDP","Contributions as a share of GDP","ESP","Spain","2015","2015","PC","Percentage","0","Units",,,0.411,,
"APLANS","Total, by pension plan type","ADEF","Total, by definition type","PF","Pension funds (autonomous)","3100","CONTRIBUTIONS","CGDP","Contributions as a share of GDP","ESP","Spain","2016","2016","PC","Percentage","0","Units",,,0.407,,
"APLANS","Total, by pension plan type","ADEF","Total, by definition type","PF","Pension funds (autonomous)","3100","CONTRIBUTIONS","CGDP","Contributions as a share of GDP","ESP","Spain","2017","2017","PC","Percentage","0","Units",,,0.416,,
"APLANS","Total, by pension plan type","ADEF","Total, by definition type","PF","Pension funds (autonomous)","3100","CONTRIBUTIONS","CGDP","Contributions as a share of GDP","ESP","Spain","2018","2018","PC","Percentage","0","Units",,,0.385,,
"APLANS","Total, by pension plan type","ADEF","Total, by definition type","PF","Pension funds (autonomous)","3100","CONTRIBUTIONS","CGDP","Contributions as a share of GDP","ESP","Spain","2019","2019","PC","Percentage","0","Units",,,0.393,,
"APLANS","Total, by pension plan type","ADEF","Total, by definition type","PF","Pension funds (autonomous)","3100","CONTRIBUTIONS","CGDP","Contributions as a share of GDP","ESP","Spain","2020","2020","PC","Percentage","0","Units",,,0.445,,
"APLANS","Total, by pension plan type","ADEF","Total, by definition type","PF","Pension funds (autonomous)","3100","CONTRIBUTIONS","CGDP","Contributions as a share of GDP","ESP","Spain","2021","2021","PC","Percentage","0","Units",,,0.283,,
"APLANS","Total, by pension plan type","ADEF","Total, by definition type","PF","Pension funds (autonomous)","3100","CONTRIBUTIONS","CGDP","Contributions as a share of GDP","CHE","Switzerland","2011","2011","PC","Percentage","0","Units",,,7.389,,
"APLANS","Total, by pension plan type","ADEF","Total, by definition type","PF","Pension funds (autonomous)","3100","CONTRIBUTIONS","CGDP","Contributions as a share of GDP","CHE","Switzerland","2012","2012","PC","Percentage","0","Units",,,7.438,,
"APLANS","Total, by pension plan type","ADEF","Total, by definition type","PF","Pension funds (autonomous)","3100","CONTRIBUTIONS","CGDP","Contributions as a share of GDP","CHE","Switzerland","2013","2013","PC","Percentage","0","Units",,,8.176,,
"APLANS","Total, by pension plan type","ADEF","Total, by definition type","PF","Pension funds (autonomous)","3100","CONTRIBUTIONS","CGDP","Contributions as a share of GDP","CHE","Switzerland","2014","2014","PC","Percentage","0","Units",,,8.006,,
"APLANS","Total, by pension plan type","ADEF","Total, by definition type","PF","Pension funds (autonomous)","3100","CONTRIBUTIONS","CGDP","Contributions as a share of GDP","CHE","Switzerland","2015","2015","PC","Percentage","0","Units",,,7.951,,
"APLANS","Total, by pension plan type","ADEF","Total, by definition type","PF","Pension funds (autonomous)","3100","CONTRIBUTIONS","CGDP","Contributions as a share of GDP","CHE","Switzerland","2016","2016","PC","Percentage","0","Units",,,7.862,,
"APLANS","Total, by pension plan type","ADEF","Total, by definition type","PF","Pension funds (autonomous)","3100","CONTRIBUTIONS","CGDP","Contributions as a share of GDP","CHE","Switzerland","2017","2017","PC","Percentage","0","Units",,,7.898,,
"APLANS","Total, by pension plan type","ADEF","Total, by definition type","PF","Pension funds (autonomous)","3100","CONTRIBUTIONS","CGDP","Contributions as a share of GDP","CHE","Switzerland","2018","2018","PC","Percentage","0","Units",,,7.816,,
"APLANS","Total, by pension plan type","ADEF","Total, by definition type","PF","Pension funds (autonomous)","3100","CONTRIBUTIONS","CGDP","Contributions as a share of GDP","CHE","Switzerland","2019","2019","PC","Percentage","0","Units",,,8.125,,
"APLANS","Total, by pension plan type","ADEF","Total, by definition type","PF","Pension funds (autonomous)","3100","CONTRIBUTIONS","CGDP","Contributions as a share of GDP","CHE","Switzerland","2020","2020","PC","Percentage","0","Units",,,9.478,,
"APLANS","Total, by pension plan type","ADEF","Total, by definition type","PF","Pension funds (autonomous)","3100","CONTRIBUTIONS","CGDP","Contributions as a share of GDP","CHE","Switzerland","2021","2021","PC","Percentage","0","Units",,,8.281,,
"APLANS","Total, by pension plan type","ADEF","Total, by definition type","PF","Pension funds (autonomous)","3100","CONTRIBUTIONS","CGDP","Contributions as a share of GDP","TUR","Türkiye","2011","2011","PC","Percentage","0","Units",,,0.882,,
"APLANS","Total, by pension plan type","ADEF","Total, by definition type","PF","Pension funds (autonomous)","3100","CONTRIBUTIONS","CGDP","Contributions as a share of GDP","TUR","Türkiye","2018","2018","PC","Percentage","0","Units",,,0.55,,
"APLANS","Total, by pension plan type","ADEF","Total, by definition type","PF","Pension funds (autonomous)","3100","CONTRIBUTIONS","CGDP","Contributions as a share of GDP","TUR","Türkiye","2019","2019","PC","Percentage","0","Units",,,0.556,,
"APLANS","Total, by pension plan type","ADEF","Total, by definition type","PF","Pension funds (autonomous)","3100","CONTRIBUTIONS","CGDP","Contributions as a share of GDP","TUR","Türkiye","2020","2020","PC","Percentage","0","Units",,,0.561,,
"APLANS","Total, by pension plan type","ADEF","Total, by definition type","PF","Pension funds (autonomous)","3100","CONTRIBUTIONS","CGDP","Contributions as a share of GDP","TUR","Türkiye","2021","2021","PC","Percentage","0","Units",,,0.459,,
"APLANS","Total, by pension plan type","ADEF","Total, by definition type","PF","Pension funds (autonomous)","3100","CONTRIBUTIONS","CGDP","Contributions as a share of GDP","GBR","United Kingdom","2011","2011","PC","Percentage","0","Units",,,2.62,,
"APLANS","Total, by pension plan type","ADEF","Total, by definition type","PF","Pension funds (autonomous)","3100","CONTRIBUTIONS","CGDP","Contributions as a share of GDP","GBR","United Kingdom","2012","2012","PC","Percentage","0","Units",,,2.826,,
"APLANS","Total, by pension plan type","ADEF","Total, by definition type","PF","Pension funds (autonomous)","3100","CONTRIBUTIONS","CGDP","Contributions as a share of GDP","GBR","United Kingdom","2013","2013","PC","Percentage","0","Units",,,2.64,,
"APLANS","Total, by pension plan type","ADEF","Total, by definition type","PF","Pension funds (autonomous)","3100","CONTRIBUTIONS","CGDP","Contributions as a share of GDP","GBR","United Kingdom","2014","2014","PC","Percentage","0","Units",,,2.191,,
"APLANS","Total, by pension plan type","ADEF","Total, by definition type","PF","Pension funds (autonomous)","3100","CONTRIBUTIONS","CGDP","Contributions as a share of GDP","GBR","United Kingdom","2015","2015","PC","Percentage","0","Units",,,2.102,,
"APLANS","Total, by pension plan type","ADEF","Total, by definition type","PF","Pension funds (autonomous)","3100","CONTRIBUTIONS","CGDP","Contributions as a share of GDP","GBR","United Kingdom","2016","2016","PC","Percentage","0","Units",,,2.355,,
"APLANS","Total, by pension plan type","ADEF","Total, by definition type","PF","Pension funds (autonomous)","3100","CONTRIBUTIONS","CGDP","Contributions as a share of GDP","GBR","United Kingdom","2017","2017","PC","Percentage","0","Units",,,2.422,,
"APLANS","Total, by pension plan type","ADEF","Total, by definition type","PF","Pension funds (autonomous)","3100","CONTRIBUTIONS","CGDP","Contributions as a share of GDP","GBR","United Kingdom","2019","2019","PC","Percentage","0","Units",,,2.667,,
"APLANS","Total, by pension plan type","ADEF","Total, by definition type","PF","Pension funds (autonomous)","3100","CONTRIBUTIONS","CGDP","Contributions as a share of GDP","GBR","United Kingdom","2020","2020","PC","Percentage","0","Units",,,2.857,,
"APLANS","Total, by pension plan type","ADEF","Total, by definition type","PF","Pension funds (autonomous)","3100","CONTRIBUTIONS","CGDP","Contributions as a share of GDP","GBR","United Kingdom","2021","2021","PC","Percentage","0","Units",,,2.636,,
"APLANS","Total, by pension plan type","ADEF","Total, by definition type","PF","Pension funds (autonomous)","3100","CONTRIBUTIONS","CGDP","Contributions as a share of GDP","USA","United States","2011","2011","PC","Percentage","0","Units",,,4.698,,
"APLANS","Total, by pension plan type","ADEF","Total, by definition type","PF","Pension funds (autonomous)","3100","CONTRIBUTIONS","CGDP","Contributions as a share of GDP","USA","United States","2012","2012","PC","Percentage","0","Units",,,4.619,,
"APLANS","Total, by pension plan type","ADEF","Total, by definition type","PF","Pension funds (autonomous)","3100","CONTRIBUTIONS","CGDP","Contributions as a share of GDP","USA","United States","2013","2013","PC","Percentage","0","Units",,,4.819,,
"APLANS","Total, by pension plan type","ADEF","Total, by definition type","PF","Pension funds (autonomous)","3100","CONTRIBUTIONS","CGDP","Contributions as a share of GDP","USA","United States","2014","2014","PC","Percentage","0","Units",,,4.821,,
"APLANS","Total, by pension plan type","ADEF","Total, by definition type","PF","Pension funds (autonomous)","3100","CONTRIBUTIONS","CGDP","Contributions as a share of GDP","USA","United States","2015","2015","PC","Percentage","0","Units",,,4.845,,
"APLANS","Total, by pension plan type","ADEF","Total, by definition type","PF","Pension funds (autonomous)","3100","CONTRIBUTIONS","CGDP","Contributions as a share of GDP","USA","United States","2016","2016","PC","Percentage","0","Units",,,4.895,,
"APLANS","Total, by pension plan type","ADEF","Total, by definition type","PF","Pension funds (autonomous)","3100","CONTRIBUTIONS","CGDP","Contributions as a share of GDP","USA","United States","2017","2017","PC","Percentage","0","Units",,,4.901,,
"APLANS","Total, by pension plan type","ADEF","Total, by definition type","PF","Pension funds (autonomous)","3100","CONTRIBUTIONS","CGDP","Contributions as a share of GDP","USA","United States","2018","2018","PC","Percentage","0","Units",,,4.909,,
"APLANS","Total, by pension plan type","ADEF","Total, by definition type","PF","Pension funds (autonomous)","3100","CONTRIBUTIONS","CGDP","Contributions as a share of GDP","USA","United States","2019","2019","PC","Percentage","0","Units",,,4.933,,
"APLANS","Total, by pension plan type","ADEF","Total, by definition type","PF","Pension funds (autonomous)","3100","CONTRIBUTIONS","CGDP","Contributions as a share of GDP","USA","United States","2020","2020","PC","Percentage","0","Units",,,5.121,,
"APLANS","Total, by pension plan type","ADEF","Total, by definition type","PF","Pension funds (autonomous)","3100","CONTRIBUTIONS","CGDP","Contributions as a share of GDP","CHL","Chile","2011","2011","PC","Percentage","0","Units",,,3.616,,
"APLANS","Total, by pension plan type","ADEF","Total, by definition type","PF","Pension funds (autonomous)","3100","CONTRIBUTIONS","CGDP","Contributions as a share of GDP","CHL","Chile","2012","2012","PC","Percentage","0","Units",,,3.69,,
"APLANS","Total, by pension plan type","ADEF","Total, by definition type","PF","Pension funds (autonomous)","3100","CONTRIBUTIONS","CGDP","Contributions as a share of GDP","CHL","Chile","2013","2013","PC","Percentage","0","Units",,,3.877,,
"APLANS","Total, by pension plan type","ADEF","Total, by definition type","PF","Pension funds (autonomous)","3100","CONTRIBUTIONS","CGDP","Contributions as a share of GDP","CHL","Chile","2014","2014","PC","Percentage","0","Units",,,3.943,,
"APLANS","Total, by pension plan type","ADEF","Total, by definition type","PF","Pension funds (autonomous)","3100","CONTRIBUTIONS","CGDP","Contributions as a share of GDP","CHL","Chile","2015","2015","PC","Percentage","0","Units",,,4.006,,
"APLANS","Total, by pension plan type","ADEF","Total, by definition type","PF","Pension funds (autonomous)","3100","CONTRIBUTIONS","CGDP","Contributions as a share of GDP","CHL","Chile","2016","2016","PC","Percentage","0","Units",,,3.994,,
"APLANS","Total, by pension plan type","ADEF","Total, by definition type","PF","Pension funds (autonomous)","3100","CONTRIBUTIONS","CGDP","Contributions as a share of GDP","CHL","Chile","2017","2017","PC","Percentage","0","Units",,,4.029,,
"APLANS","Total, by pension plan type","ADEF","Total, by definition type","PF","Pension funds (autonomous)","3100","CONTRIBUTIONS","CGDP","Contributions as a share of GDP","CHL","Chile","2018","2018","PC","Percentage","0","Units",,,4.136,,
"APLANS","Total, by pension plan type","ADEF","Total, by definition type","PF","Pension funds (autonomous)","3100","CONTRIBUTIONS","CGDP","Contributions as a share of GDP","CHL","Chile","2019","2019","PC","Percentage","0","Units",,,4.46,,
"APLANS","Total, by pension plan type","ADEF","Total, by definition type","PF","Pension funds (autonomous)","3100","CONTRIBUTIONS","CGDP","Contributions as a share of GDP","CHL","Chile","2020","2020","PC","Percentage","0","Units",,,4.807,,
"APLANS","Total, by pension plan type","ADEF","Total, by definition type","PF","Pension funds (autonomous)","3100","CONTRIBUTIONS","CGDP","Contributions as a share of GDP","CHL","Chile","2021","2021","PC","Percentage","0","Units",,,4.697,,
"APLANS","Total, by pension plan type","ADEF","Total, by definition type","PF","Pension funds (autonomous)","3100","CONTRIBUTIONS","CGDP","Contributions as a share of GDP","COL","Colombia","2011","2011","PC","Percentage","0","Units",,,2.142,,
"APLANS","Total, by pension plan type","ADEF","Total, by definition type","PF","Pension funds (autonomous)","3100","CONTRIBUTIONS","CGDP","Contributions as a share of GDP","COL","Colombia","2012","2012","PC","Percentage","0","Units",,,1.867,,
"APLANS","Total, by pension plan type","ADEF","Total, by definition type","PF","Pension funds (autonomous)","3100","CONTRIBUTIONS","CGDP","Contributions as a share of GDP","COL","Colombia","2013","2013","PC","Percentage","0","Units",,,1.912,,
"APLANS","Total, by pension plan type","ADEF","Total, by definition type","PF","Pension funds (autonomous)","3100","CONTRIBUTIONS","CGDP","Contributions as a share of GDP","COL","Colombia","2014","2014","PC","Percentage","0","Units",,,2.047,,
"APLANS","Total, by pension plan type","ADEF","Total, by definition type","PF","Pension funds (autonomous)","3100","CONTRIBUTIONS","CGDP","Contributions as a share of GDP","COL","Colombia","2015","2015","PC","Percentage","0","Units",,,2.069,,
"APLANS","Total, by pension plan type","ADEF","Total, by definition type","PF","Pension funds (autonomous)","3100","CONTRIBUTIONS","CGDP","Contributions as a share of GDP","COL","Colombia","2016","2016","PC","Percentage","0","Units",,,2.099,,
"APLANS","Total, by pension plan type","ADEF","Total, by definition type","PF","Pension funds (autonomous)","3100","CONTRIBUTIONS","CGDP","Contributions as a share of GDP","COL","Colombia","2017","2017","PC","Percentage","0","Units",,,2.065,,
"APLANS","Total, by pension plan type","ADEF","Total, by definition type","PF","Pension funds (autonomous)","3100","CONTRIBUTIONS","CGDP","Contributions as a share of GDP","COL","Colombia","2018","2018","PC","Percentage","0","Units",,,2.127,,
"APLANS","Total, by pension plan type","ADEF","Total, by definition type","PF","Pension funds (autonomous)","3100","CONTRIBUTIONS","CGDP","Contributions as a share of GDP","COL","Colombia","2019","2019","PC","Percentage","0","Units",,,2.229,,
"APLANS","Total, by pension plan type","ADEF","Total, by definition type","PF","Pension funds (autonomous)","3100","CONTRIBUTIONS","CGDP","Contributions as a share of GDP","COL","Colombia","2020","2020","PC","Percentage","0","Units",,,2.061,,
"APLANS","Total, by pension plan type","ADEF","Total, by definition type","PF","Pension funds (autonomous)","3100","CONTRIBUTIONS","CGDP","Contributions as a share of GDP","COL","Colombia","2021","2021","PC","Percentage","0","Units",,,2.106,,
"APLANS","Total, by pension plan type","ADEF","Total, by definition type","PF","Pension funds (autonomous)","3100","CONTRIBUTIONS","CGDP","Contributions as a share of GDP","CRI","Costa Rica","2012","2012","PC","Percentage","0","Units",,,1.954,,
"APLANS","Total, by pension plan type","ADEF","Total, by definition type","PF","Pension funds (autonomous)","3100","CONTRIBUTIONS","CGDP","Contributions as a share of GDP","CRI","Costa Rica","2013","2013","PC","Percentage","0","Units",,,2.025,,
"APLANS","Total, by pension plan type","ADEF","Total, by definition type","PF","Pension funds (autonomous)","3100","CONTRIBUTIONS","CGDP","Contributions as a share of GDP","CRI","Costa Rica","2014","2014","PC","Percentage","0","Units",,,2.046,,
"APLANS","Total, by pension plan type","ADEF","Total, by definition type","PF","Pension funds (autonomous)","3100","CONTRIBUTIONS","CGDP","Contributions as a share of GDP","CRI","Costa Rica","2015","2015","PC","Percentage","0","Units",,,2.079,,
"APLANS","Total, by pension plan type","ADEF","Total, by definition type","PF","Pension funds (autonomous)","3100","CONTRIBUTIONS","CGDP","Contributions as a share of GDP","CRI","Costa Rica","2016","2016","PC","Percentage","0","Units",,,2.203,,
"APLANS","Total, by pension plan type","ADEF","Total, by definition type","PF","Pension funds (autonomous)","3100","CONTRIBUTIONS","CGDP","Contributions as a share of GDP","CRI","Costa Rica","2017","2017","PC","Percentage","0","Units",,,2.119,,
"APLANS","Total, by pension plan type","ADEF","Total, by definition type","PF","Pension funds (autonomous)","3100","CONTRIBUTIONS","CGDP","Contributions as a share of GDP","CRI","Costa Rica","2018","2018","PC","Percentage","0","Units",,,2.126,,
"APLANS","Total, by pension plan type","ADEF","Total, by definition type","PF","Pension funds (autonomous)","3100","CONTRIBUTIONS","CGDP","Contributions as a share of GDP","CRI","Costa Rica","2019","2019","PC","Percentage","0","Units",,,2.174,,
"APLANS","Total, by pension plan type","ADEF","Total, by definition type","PF","Pension funds (autonomous)","3100","CONTRIBUTIONS","CGDP","Contributions as a share of GDP","CRI","Costa Rica","2020","2020","PC","Percentage","0","Units",,,2.501,,
"APLANS","Total, by pension plan type","ADEF","Total, by definition type","PF","Pension funds (autonomous)","3100","CONTRIBUTIONS","CGDP","Contributions as a share of GDP","CRI","Costa Rica","2021","2021","PC","Percentage","0","Units",,,2.625,,
"APLANS","Total, by pension plan type","ADEF","Total, by definition type","PF","Pension funds (autonomous)","3100","CONTRIBUTIONS","CGDP","Contributions as a share of GDP","EST","Estonia","2011","2011","PC","Percentage","0","Units",,,0.739,,
"APLANS","Total, by pension plan type","ADEF","Total, by definition type","PF","Pension funds (autonomous)","3100","CONTRIBUTIONS","CGDP","Contributions as a share of GDP","EST","Estonia","2012","2012","PC","Percentage","0","Units",,,1.288,,
"APLANS","Total, by pension plan type","ADEF","Total, by definition type","PF","Pension funds (autonomous)","3100","CONTRIBUTIONS","CGDP","Contributions as a share of GDP","EST","Estonia","2013","2013","PC","Percentage","0","Units",,,1.396,,
"APLANS","Total, by pension plan type","ADEF","Total, by definition type","PF","Pension funds (autonomous)","3100","CONTRIBUTIONS","CGDP","Contributions as a share of GDP","EST","Estonia","2014","2014","PC","Percentage","0","Units",,,1.765,,
"APLANS","Total, by pension plan type","ADEF","Total, by definition type","PF","Pension funds (autonomous)","3100","CONTRIBUTIONS","CGDP","Contributions as a share of GDP","EST","Estonia","2015","2015","PC","Percentage","0","Units",,,1.882,,
"APLANS","Total, by pension plan type","ADEF","Total, by definition type","PF","Pension funds (autonomous)","3100","CONTRIBUTIONS","CGDP","Contributions as a share of GDP","EST","Estonia","2016","2016","PC","Percentage","0","Units",,,1.915,,
"APLANS","Total, by pension plan type","ADEF","Total, by definition type","PF","Pension funds (autonomous)","3100","CONTRIBUTIONS","CGDP","Contributions as a share of GDP","EST","Estonia","2017","2017","PC","Percentage","0","Units",,,1.905,,
"APLANS","Total, by pension plan type","ADEF","Total, by definition type","PF","Pension funds (autonomous)","3100","CONTRIBUTIONS","CGDP","Contributions as a share of GDP","EST","Estonia","2018","2018","PC","Percentage","0","Units",,,1.659,,
"APLANS","Total, by pension plan type","ADEF","Total, by definition type","PF","Pension funds (autonomous)","3100","CONTRIBUTIONS","CGDP","Contributions as a share of GDP","EST","Estonia","2019","2019","PC","Percentage","0","Units",,,1.693,,
"APLANS","Total, by pension plan type","ADEF","Total, by definition type","PF","Pension funds (autonomous)","3100","CONTRIBUTIONS","CGDP","Contributions as a share of GDP","EST","Estonia","2020","2020","PC","Percentage","0","Units",,,1.284,,
"APLANS","Total, by pension plan type","ADEF","Total, by definition type","PF","Pension funds (autonomous)","3100","CONTRIBUTIONS","CGDP","Contributions as a share of GDP","EST","Estonia","2021","2021","PC","Percentage","0","Units",,,0.849,,
"APLANS","Total, by pension plan type","ADEF","Total, by definition type","PF","Pension funds (autonomous)","3100","CONTRIBUTIONS","CGDP","Contributions as a share of GDP","ISR","Israel","2011","2011","PC","Percentage","0","Units",,,2.242,,
"APLANS","Total, by pension plan type","ADEF","Total, by definition type","PF","Pension funds (autonomous)","3100","CONTRIBUTIONS","CGDP","Contributions as a share of GDP","ISR","Israel","2012","2012","PC","Percentage","0","Units",,,2.378,,
"APLANS","Total, by pension plan type","ADEF","Total, by definition type","PF","Pension funds (autonomous)","3100","CONTRIBUTIONS","CGDP","Contributions as a share of GDP","ISR","Israel","2013","2013","PC","Percentage","0","Units",,,2.619,,
"APLANS","Total, by pension plan type","ADEF","Total, by definition type","PF","Pension funds (autonomous)","3100","CONTRIBUTIONS","CGDP","Contributions as a share of GDP","ISR","Israel","2014","2014","PC","Percentage","0","Units",,,2.813,,
"APLANS","Total, by pension plan type","ADEF","Total, by definition type","PF","Pension funds (autonomous)","3100","CONTRIBUTIONS","CGDP","Contributions as a share of GDP","ISR","Israel","2015","2015","PC","Percentage","0","Units",,,2.823,,
"APLANS","Total, by pension plan type","ADEF","Total, by definition type","PF","Pension funds (autonomous)","3100","CONTRIBUTIONS","CGDP","Contributions as a share of GDP","LVA","Latvia","2011","2011","PC","Percentage","0","Units",,,0.132,,
"APLANS","Total, by pension plan type","ADEF","Total, by definition type","PF","Pension funds (autonomous)","3100","CONTRIBUTIONS","CGDP","Contributions as a share of GDP","LVA","Latvia","2012","2012","PC","Percentage","0","Units",,,0.138,,
"APLANS","Total, by pension plan type","ADEF","Total, by definition type","PF","Pension funds (autonomous)","3100","CONTRIBUTIONS","CGDP","Contributions as a share of GDP","LVA","Latvia","2013","2013","PC","Percentage","0","Units",,,0.181,,
"APLANS","Total, by pension plan type","ADEF","Total, by definition type","PF","Pension funds (autonomous)","3100","CONTRIBUTIONS","CGDP","Contributions as a share of GDP","LVA","Latvia","2014","2014","PC","Percentage","0","Units",,,0.218,,
"APLANS","Total, by pension plan type","ADEF","Total, by definition type","PF","Pension funds (autonomous)","3100","CONTRIBUTIONS","CGDP","Contributions as a share of GDP","LVA","Latvia","2015","2015","PC","Percentage","0","Units",,,0.274,,
"APLANS","Total, by pension plan type","ADEF","Total, by definition type","PF","Pension funds (autonomous)","3100","CONTRIBUTIONS","CGDP","Contributions as a share of GDP","LVA","Latvia","2016","2016","PC","Percentage","0","Units",,,0.282,,
"APLANS","Total, by pension plan type","ADEF","Total, by definition type","PF","Pension funds (autonomous)","3100","CONTRIBUTIONS","CGDP","Contributions as a share of GDP","LVA","Latvia","2017","2017","PC","Percentage","0","Units",,,0.287,,
"APLANS","Total, by pension plan type","ADEF","Total, by definition type","PF","Pension funds (autonomous)","3100","CONTRIBUTIONS","CGDP","Contributions as a share of GDP","LVA","Latvia","2018","2018","PC","Percentage","0","Units",,,0.255,,
"APLANS","Total, by pension plan type","ADEF","Total, by definition type","PF","Pension funds (autonomous)","3100","CONTRIBUTIONS","CGDP","Contributions as a share of GDP","LVA","Latvia","2019","2019","PC","Percentage","0","Units",,,0.266,,
"APLANS","Total, by pension plan type","ADEF","Total, by definition type","PF","Pension funds (autonomous)","3100","CONTRIBUTIONS","CGDP","Contributions as a share of GDP","LVA","Latvia","2020","2020","PC","Percentage","0","Units",,,0.3,,
"APLANS","Total, by pension plan type","ADEF","Total, by definition type","PF","Pension funds (autonomous)","3100","CONTRIBUTIONS","CGDP","Contributions as a share of GDP","LVA","Latvia","2021","2021","PC","Percentage","0","Units",,,0.324,,
"APLANS","Total, by pension plan type","ADEF","Total, by definition type","PF","Pension funds (autonomous)","3100","CONTRIBUTIONS","CGDP","Contributions as a share of GDP","SVN","Slovenia","2011","2011","PC","Percentage","0","Units",,,0.648,,
"APLANS","Total, by pension plan type","ADEF","Total, by definition type","PF","Pension funds (autonomous)","3100","CONTRIBUTIONS","CGDP","Contributions as a share of GDP","SVN","Slovenia","2012","2012","PC","Percentage","0","Units",,,0.638,,
"APLANS","Total, by pension plan type","ADEF","Total, by definition type","PF","Pension funds (autonomous)","3100","CONTRIBUTIONS","CGDP","Contributions as a share of GDP","SVN","Slovenia","2013","2013","PC","Percentage","0","Units",,,0.526,,
"APLANS","Total, by pension plan type","ADEF","Total, by definition type","PF","Pension funds (autonomous)","3100","CONTRIBUTIONS","CGDP","Contributions as a share of GDP","SVN","Slovenia","2014","2014","PC","Percentage","0","Units",,,0.431,,
"APLANS","Total, by pension plan type","ADEF","Total, by definition type","PF","Pension funds (autonomous)","3100","CONTRIBUTIONS","CGDP","Contributions as a share of GDP","SVN","Slovenia","2015","2015","PC","Percentage","0","Units",,,0.449,,
"APLANS","Total, by pension plan type","ADEF","Total, by definition type","PF","Pension funds (autonomous)","3100","CONTRIBUTIONS","CGDP","Contributions as a share of GDP","SVN","Slovenia","2016","2016","PC","Percentage","0","Units",,,0.425,,
"APLANS","Total, by pension plan type","ADEF","Total, by definition type","PF","Pension funds (autonomous)","3100","CONTRIBUTIONS","CGDP","Contributions as a share of GDP","SVN","Slovenia","2017","2017","PC","Percentage","0","Units",,,0.457,,
"APLANS","Total, by pension plan type","ADEF","Total, by definition type","PF","Pension funds (autonomous)","3100","CONTRIBUTIONS","CGDP","Contributions as a share of GDP","SVN","Slovenia","2018","2018","PC","Percentage","0","Units",,,0.512,,
"APLANS","Total, by pension plan type","ADEF","Total, by definition type","PF","Pension funds (autonomous)","3100","CONTRIBUTIONS","CGDP","Contributions as a share of GDP","SVN","Slovenia","2019","2019","PC","Percentage","0","Units",,,0.52,,
"APLANS","Total, by pension plan type","ADEF","Total, by definition type","PF","Pension funds (autonomous)","3100","CONTRIBUTIONS","CGDP","Contributions as a share of GDP","SVN","Slovenia","2020","2020","PC","Percentage","0","Units",,,0.55,,
"APLANS","Total, by pension plan type","ADEF","Total, by definition type","PF","Pension funds (autonomous)","3100","CONTRIBUTIONS","CGDP","Contributions as a share of GDP","SVN","Slovenia","2021","2021","PC","Percentage","0","Units",,,0.578,,
"APLANS","Total, by pension plan type","ADEF","Total, by definition type","PF","Pension funds (autonomous)","3100","CONTRIBUTIONS","CGDP","Contributions as a share of GDP","LTU","Lithuania","2011","2011","PC","Percentage","0","Units",,,0.367,,
"APLANS","Total, by pension plan type","ADEF","Total, by definition type","PF","Pension funds (autonomous)","3100","CONTRIBUTIONS","CGDP","Contributions as a share of GDP","LTU","Lithuania","2012","2012","PC","Percentage","0","Units",,,0.274,,
"APLANS","Total, by pension plan type","ADEF","Total, by definition type","PF","Pension funds (autonomous)","3100","CONTRIBUTIONS","CGDP","Contributions as a share of GDP","LTU","Lithuania","2013","2013","PC","Percentage","0","Units",,,0.411,,
"APLANS","Total, by pension plan type","ADEF","Total, by definition type","PF","Pension funds (autonomous)","3100","CONTRIBUTIONS","CGDP","Contributions as a share of GDP","LTU","Lithuania","2014","2014","PC","Percentage","0","Units",,,0.524,,
"APLANS","Total, by pension plan type","ADEF","Total, by definition type","PF","Pension funds (autonomous)","3100","CONTRIBUTIONS","CGDP","Contributions as a share of GDP","LTU","Lithuania","2015","2015","PC","Percentage","0","Units",,,0.571,,
"APLANS","Total, by pension plan type","ADEF","Total, by definition type","PF","Pension funds (autonomous)","3100","CONTRIBUTIONS","CGDP","Contributions as a share of GDP","LTU","Lithuania","2016","2016","PC","Percentage","0","Units",,,0.796,,
"APLANS","Total, by pension plan type","ADEF","Total, by definition type","PF","Pension funds (autonomous)","3100","CONTRIBUTIONS","CGDP","Contributions as a share of GDP","LTU","Lithuania","2017","2017","PC","Percentage","0","Units",,,0.839,,
"APLANS","Total, by pension plan type","ADEF","Total, by definition type","PF","Pension funds (autonomous)","3100","CONTRIBUTIONS","CGDP","Contributions as a share of GDP","LTU","Lithuania","2018","2018","PC","Percentage","0","Units",,,0.881,,
"APLANS","Total, by pension plan type","ADEF","Total, by definition type","PF","Pension funds (autonomous)","3100","CONTRIBUTIONS","CGDP","Contributions as a share of GDP","LTU","Lithuania","2019","2019","PC","Percentage","0","Units",,,0.827,,
"APLANS","Total, by pension plan type","ADEF","Total, by definition type","PF","Pension funds (autonomous)","3100","CONTRIBUTIONS","CGDP","Contributions as a share of GDP","LTU","Lithuania","2020","2020","PC","Percentage","0","Units",,,0.908,,
"APLANS","Total, by pension plan type","ADEF","Total, by definition type","PF","Pension funds (autonomous)","3100","CONTRIBUTIONS","CGDP","Contributions as a share of GDP","LTU","Lithuania","2021","2021","PC","Percentage","0","Units",,,0.985,,
